marque,price,stars,livraison
Samsung Galaxy A04 - 6.5 - 4GB RAM + 64GB ROM - 50MP - Black,"1,159.00 Dhs",4.4 ,gratuite
Samsung Galaxy M13 - 6.6 - 4GB RAM + 128GB ROM - 50Mpx - Orange copper,"1,530.00 Dhs",4.6 ,gratuite
"Samsung Galaxy A34 5G 6,6 - 8GB + 128GB - Awesome Lime","3,189.00 Dhs",4.3 ,gratuite
Samsung GALAXY M13 6.6” 4GB 128GB Orange copper,"1,530.00 Dhs",3.9 ,gratuite
Samsung Galaxy A04 - 6.5 - 4GB RAM + 64GB ROM - 50MP - Copper,"1,159.00 Dhs",4.3 ,gratuite
Samsung Galaxy A05 - 6.7 - 4GB + 128GB - Silver,"1,357.00 Dhs",5 ,payante
Samsung Galaxy A04 - 6.5 - 4GB RAM + 64GB ROM - 50MP - White,"1,159.00 Dhs",4.3 ,gratuite
Samsung Galaxy A24 - 6GB + 128GB - 6.5” FHD+ Super AMOLED 5000 mAh - Noir,"2,395.00 Dhs",5 ,payante
Samsung Galaxy M13 - 6.6 - 4GB RAM + 128GB ROM – 50Mpx – Deep Green,"1,530.00 Dhs",4.2 ,gratuite
Samsung Galaxy A05 - 6.7 - 4GB + 128GB - Noir,"1,357.00 Dhs",5 ,payante
Samsung Galaxy M13 - 6.6 - 4GB RAM + 128GB ROM – 50Mpx – Light Blue,"1,515.00 Dhs",4.3 ,gratuite
Samsung Galaxy A15 - 8G + 256GB - Noir,"2,579.00 Dhs",Nan,payante
Samsung Galaxy M33 - 6.6 - 5G - 6GB RAM+128GB ROM - 50Mpx – Brown,"2,159.00 Dhs",4.5 ,payante
Samsung Galaxy A14 - 6.6'' - LTE - 6GB + 128GB - 50 Mpx - Silver,"1,969.00 Dhs",5 ,payante
Samsung Galaxy A05 - 6.7 - 4GB + 128GB - Vert clair,"1,357.00 Dhs",Nan,payante
"Samsung A05s - 6,7 - 6GB+128GB - Noir","1,899.00 Dhs",3 ,payante
Samsung Galaxy S24 Ultra SM-S928B Titanium Gris (12Go / 512 Go) Dynamic AMOLED 2x - Neuf,"15,699.00 Dhs",Nan,payante
Samsung Galaxy S23FE - 6.4 - 8GB + 256GB - Mint,"6,434.00 Dhs",5 ,payante
Samsung Galaxy A3 - 4G - 16 Go - Android 4.4 – Or,"2,749.00 Dhs",5 ,gratuite
"Samsung A05s - 6,7 - 4GB+128GB - Silver","1,699.00 Dhs",Nan,payante
Samsung Galaxy M23 5G - 6.6 - 4GB RAM+128GB ROM - 50Mpx - Light Blue,"2,039.00 Dhs",Nan,payante
Samsung Galaxy A05 - 6.7 - 4G + 64GB - Noir,"1,198.00 Dhs",Nan,payante
"Samsung A05s - 6,7 - 6GB+128GB - Mauve","1,899.00 Dhs",Nan,payante
Samsung Galaxy S24 Ultra SM-S928B Titanium Gris (12Go / 256 Go) Dynamic AMOLED 2x - Neuf,"15,500.00 Dhs",Nan,payante
Samsung Galaxy Z Flip 5 Vert d'eau (8 Go / 512 Go) Mint - Ecran 120 Hz 6.7 Pouces - New,"8,299.00 Dhs",Nan,payante
"Samsung Galaxy A04e - 6,5” HD+ - 3 / 32GB - 13 MP - Noir","1,095.00 Dhs",Nan,payante
Samsung Galaxy A05 - 6.7 - 4G + 64GB - Silver,"1,198.00 Dhs",Nan,payante
Samsung Galaxy A05 - 6.7 - 4G + 64GB - Silver,"1,249.00 Dhs",1 ,payante
Samsung Galaxy A05 - 6.7 - 4G + 64GB - Vert,"1,249.00 Dhs",Nan,payante
Samsung Galaxy M23 5G - 6.6 - 4GB RAM+128GB ROM - 50Mpx - Orange Copper,"2,039.00 Dhs",5 ,payante
Samsung Galaxy A05 - 6.7 - 4G + 64GB - Vert,"1,198.00 Dhs",Nan,payante
Samsung Galaxy M53 5G - 6.7 - 108 Mpx - 8GB RAM - 256GB ROM – Blue,"3,999.00 Dhs",5 ,payante
Samsung Galaxy A05 - 6.7 - 4G + 64GB - Noir,"1,249.00 Dhs",Nan,payante
Samsung Galaxy A15 - 6.5 – 8G + 256GB - Jaune,"2,549.00 Dhs",Nan,payante
"Samsung Galaxy A05s - 6,7 - 6GB+128GB - Mauve","1,869.00 Dhs",Nan,payante
Samsung Galaxy A54 5G - 6.4 - 8GB + 256GB - Noir,"4,399.00 Dhs",Nan,payante
"Samsung Galaxy A05s - 6,7 - 4GB+128GB - Silver","1,690.00 Dhs",Nan,payante
Samsung Galaxy S24 Noir (8 Go RAM / 128 Go) Ecran Dynamic AMOLED 2X 120Hz 6.2 inch -New,"8,799.00 Dhs",Nan,payante
"Samsung Galaxy A05s - 6,7 - 4GB+128GB - Noir","1,690.00 Dhs",Nan,payante
Samsung Z fold 4 256go 12Go de Ram remis à neuf,"7,899.00 Dhs",Nan,payante
Coque Samsung Galaxy S9 Plating Mirror Leather Case - Rose,89.00 Dhs,Nan,payante
Pochette Clapet pour Samsung Note 20 - Noir,99.00 Dhs,Nan,payante
Coque Pour SAMSUNG GALAXY S22 Ultra With Stand Function,319.00 Dhs,Nan,payante
pochette Clapet pour Samsung galaxy A10s - Noir,79.00 Dhs,Nan,payante
Étui Societe Clear View Fonction Stand pour Samsug Galaxy S9 -Dore,89.00 Dhs,Nan,payante
Plating Leather For Samsung Galaxy S22 Ultra Case,219.00 Dhs,Nan,payante
Clear View Pochette pour Samsung Note 20 Ultra Noir Mraya Bon Qualite,99.00 Dhs,Nan,payante
Pochette pour Samsung Galaxy Note 20 support Flip cover Vert,139.00 Dhs,Nan,payante
Coque For Samsung Galaxy A71 Leather Case,99.00 Dhs,Nan,payante
Case Pochette Flip Cover Samsung A72 de Luxe cover et support Détachable en Cuir Noir,199.00 Dhs,Nan,payante
Stand Phone Cover For SAMSUNG S20 Plus,99.00 Dhs,Nan,payante
Pochette pour Samsung Note 20 Ultra,289.00 Dhs,Nan,payante
Pochette pour Samsung A13 (4G) support Flip cover Vert,119.00 Dhs,Nan,payante
"Clear View Pochette pour Samsung A04e The buttons, controls and ports are easy to use Black",99.00 Dhs,Nan,payante
Flip cover For SAMSUNG galaxy S21 Ultra,299.00 Dhs,Nan,payante
Mirror Flip Phone Case For Samsung Galaxy A2 Core,89.00 Dhs,Nan,payante
Coque pour Xiaomi Redmi Note10 pro flip cover Gold,89.00 Dhs,Nan,payante
Flip Smart Platine Stand Phone Cover For SAMSUNG S10 Plus,159.00 Dhs,Nan,payante
Clear View Coque Pour Samsung Galaxy A12 Mirror Leather Case Noir,35.00 Dhs,Nan,payante
Samsung A12 Plating Mirror Bleu,79.00 Dhs,5 ,payante
cover pour Samsung A53 Smart View Window Flip Stand Cover PU Leather Case Bleu,119.00 Dhs,Nan,payante
Pochette Cover pour SAMSUNG S22 Ultra - Noir -,189.00 Dhs,Nan,payante
Cover For Samsung Galaxy S22 Plus -B-,99.00 Dhs,Nan,payante
Pochette Samsung s20 FE Flip Coque de Luxe cover et support Détachable en Cuir Noir,149.00 Dhs,1 ,payante
Flip Smart Platine Clear View Mirror Stand Phone Cover For SAMSUNG S20 Plus,119.00 Dhs,Nan,payante
Pochette cover pour Samsung Galaxy A73 4G,119.00 Dhs,Nan,payante
Pour Samsung Galaxy Note 10 Plus Leather Case,119.00 Dhs,Nan,payante
Pochette pour Samsung Note 20 ultra clapet - Noir,239.00 Dhs,Nan,payante
Coque Samsung Galaxy A21s Plating Mirror Leather Case,119.00 Dhs,Nan,payante
Support magnétique pour téléphone de voiture Support pour téléphone portable Smartphone Support GPS pour iPhone 12 Pro ONE PLUS Huawei Xiaomi Redmi Samsung,44.99 Dhs,3.3 ,payante
case Mirror Flip cover For SAMSUNG galaxy S8,89.00 Dhs,Nan,payante
For Samsung Galaxy A21s Plating Mirror Leather Case - Noir,189.00 Dhs,Nan,payante
Clear View pochette Clapet pour Samsung Galaxy A32,139.00 Dhs,Nan,payante
Mirror Leather Case for SAMSUNG A9 2018 - Black,79.00 Dhs,Nan,payante
Flip Phone Case For Samsung S20 Plus Clear View,99.00 Dhs,Nan,payante
Smart Plating Flip Case For SAMSUNG GALAXY S10 Plus,159.00 Dhs,Nan,payante
Pochette clapet pour Samsung A13 Avec la porte pour protéger l 'ecran bleu,150.00 Dhs,Nan,payante
Clear View Pochette pour Samsung m52 Nouveau Flip cover 2023 Noir,99.00 Dhs,Nan,payante
Cover Housse Compatible avec Samsung S22 plus (5G) en Cuir pochette Magnétique Bleu,199.00 Dhs,Nan,payante
Clear View Pochette compatible avec Samsung Galaxy s23 Plus Noir Mraya Bon Qualite,99.00 Dhs,Nan,payante
Pochette pour Samsung Galaxy A12 - Gold,89.00 Dhs,Nan,payante
Magnetique Support Telephone GPS Voiture Universel Grille de Ventilation pour iphone Samsung S8 S9 Huawei Sony,45.00 Dhs,Nan,payante
autogear Support de téléphone de voiture magnétique support universel de téléphone,45.00 Dhs,Nan,payante
Pochette Clapet pour Samsung Note 20 ultra,299.00 Dhs,Nan,payante
Flip Phone Case For Samsung Galaxy A50,99.00 Dhs,Nan,payante
Clear Flip cover For SAMSUNG galaxy Note 10 Plus,189.00 Dhs,Nan,payante
Pochette Clapet pour Samsang S20 plus - bleu,79.00 Dhs,Nan,payante
Clear View Pochette compatible avec Samsung Galaxy S23plus Noir Mraya and support,99.00 Dhs,Nan,payante
Samsung A72 Plating Mirror Bleu,79.00 Dhs,3 ,payante
Clear View Etui SAMSUNG Note 10 Plus,189.00 Dhs,Nan,payante
Case Pochette Samsung A12 clapet Avec la porte pour protéger l 'ecran Bleu,149.00 Dhs,Nan,payante
For Samsung Galaxy S22 Ultra Plating Mirror Leather Case,329.00 Dhs,Nan,payante
Flip Smart Platine Phone Case For SAMSUNG S7 Edge - Noir,129.00 Dhs,Nan,payante
Samsung Galaxy A32 4G Plating Mirror Leather Case - Rouge,119.00 Dhs,Nan,payante
Samsung Galaxy A02s Plating Mirror Leather Case,89.00 Dhs,Nan,payante
Samsung Galaxy A8(2018) Etui à Rabat en Cuir pour Miroir,89.00 Dhs,Nan,payante
Pochette Pour Samsung A52 4G Belle Leather Wallet Flip Cover _ Noir,119.00 Dhs,Nan,payante
Pochette Pour Samsung S20 ultra Belle Leather Wallet Flip Cover _ Noir,119.00 Dhs,Nan,payante
Coque For Samsung Galaxy S9 Mirror Leather Case,99.00 Dhs,Nan,payante
Coque Samsung Galaxy S9 Mirror Leather Case - Blue,89.00 Dhs,Nan,payante
Coque For SAMSUNG S21 Plus -N-,99.00 Dhs,Nan,payante
Pochette pour Samsung Galaxy A53s Meilleur Qualité Flip cover 2022 Noir,119.00 Dhs,Nan,payante
Flip Case for Samsung Galaxy Note 20 Ultra,389.00 Dhs,Nan,payante
Clear View Pochette pour Samsung A23 Nouveau Flip cover 2023 Noir,99.00 Dhs,Nan,payante
SAMSUNG S22 Ultra Plating Mirror Leather Case,329.00 Dhs,Nan,payante
Flip cover pour Samsung A32 Qualité Luxe Coque et support pour regarde vidéos Noir,139.00 Dhs,Nan,payante
Coque pour Samsung Galaxy A20 /Noir,75.00 Dhs,4 ,payante
Clear View Coque Pour Samsung Galaxy A03s Mirror Leather Case Noir,69.00 Dhs,Nan,payante
pochette Clapet Samsung Galaxy S9 Plus - Noir,89.00 Dhs,Nan,payante
Clear View Coque pour Samsung S21 ultra Mirror Leather Case Noir original,79.00 Dhs,Nan,payante
Coque Pour SamsunG S23 Ultra With Stand Function,289.00 Dhs,Nan,payante
Pochett Clapet pour SAMSUNG S22 Ultra \\,329.00 Dhs,Nan,payante
For Samsung Galaxy Note 10 Plus Leather Case,189.00 Dhs,Nan,payante
Stand Flip Cover for Samsung Galaxy Note 10 Plus,289.00 Dhs,Nan,payante
Clear View Coque Pour Samsung Galaxy A03s Mirror Leather Case Bleu,79.00 Dhs,Nan,payante
Case Pochette Samsung A32 clapet Avec la porte pour protéger l 'ecran Noir,149.00 Dhs,4 ,payante
Coque For SAMSUNG S23 Ultra Leather Case - Noir,259.00 Dhs,Nan,payante
Coque Pour SAMSUNG GALAXY S22 Ultra,359.00 Dhs,Nan,payante
Pochette pour Samsung Galaxy S20 Plus - Bleu,119.00 Dhs,Nan,payante
Coque For Samsung Galaxy Note 10 Plus Leather Case - Black,259.00 Dhs,Nan,payante
